{
  "accuracy": 0.3828125,
  "num_evaluated": 128,
  "num_errors": 0,
  "total_time": 188.92090559005737,
  "avg_time_per_query": 1.4759445749223232
}
