{
  "accuracy": 0.578125,
  "num_evaluated": 128,
  "num_errors": 0,
  "total_time": 496.3264915943146,
  "avg_time_per_query": 3.8775507155805826
}
