{
  "accuracy": 0.5546875,
  "num_evaluated": 128,
  "num_errors": 0,
  "total_time": 66.71908569335938,
  "avg_time_per_query": 0.5212428569793701
}
