{
  "num_examples": 8,
  "exact_match": 0.25,
  "relaxed_numeric": 0.375,
  "invalid_rate": 0.0,
  "na_precision": 0.3333333333333333,
  "na_recall": 1.0,
  "na_f1": 0.5,
  "mean_latency": 0.0015425999954459257,
  "p95_latency": 0.005606099992292002,
  "method": "code_only",
  "split": "validation",
  "policy": {}
}
