{
  "num_examples": 16,
  "exact_match": 0.75,
  "relaxed_numeric": 0.8125,
  "invalid_rate": 0.0,
  "na_precision": 1.0,
  "na_recall": 0.75,
  "na_f1": 0.8571428571428571,
  "mean_latency": 1.5482290812524298,
  "p95_latency": 3.0678655999945477,
  "method": "full_evochartcode",
  "split": "validation",
  "policy": {}
}
