{
  "accuracy": 0.578125,
  "num_evaluated": 128,
  "num_errors": 0,
  "total_time": 73.75881886482239,
  "avg_time_per_query": 0.5762407723814249
}
