{
  "accuracy": 0.3828125,
  "num_evaluated": 128,
  "num_errors": 0,
  "total_time": 191.00821471214294,
  "avg_time_per_query": 1.4922516774386168
}
